2001,2002,2003,2004,2005,2006,2007,2008,2009,2010,2011,2012,2013,2014,2015,2016,2017,2018,2019
0.753891682,0.771315203,0.745700052,0.772998198,0.761414667,0.762491901,0.762375652,0.763492652,0.737906502,0.775153296,0.74791138,0.759543128,0.769589557,0.778952367,0.751131352,0.781757017,0.77307201,0.767670815,0.778525135
0.753895295,0.771315205,0.745699495,0.772997867,0.761417232,0.762490426,0.762374198,0.763491941,0.73790128,0.775152062,0.747900025,0.759520667,0.769589875,0.778953248,0.751130468,0.781753358,0.77307052,0.767670656,0.778524928
0.753898063,0.771315203,0.74569891,0.772997493,0.76141979,0.76248896,0.762372762,0.763490984,0.737895955,0.775148243,0.747885019,0.759470841,0.769590246,0.778954199,0.751129845,0.781749031,0.773069085,0.767670429,0.778524713
0.753900546,0.771315197,0.745698049,0.772996986,0.761422348,0.762487454,0.762371322,0.763489629,0.737891392,0.77514413,0.747868706,0.75940619,0.769590662,0.77895519,0.75112928,0.781744375,0.773067739,0.767670114,0.77852449
0.75390279,0.771315188,0.745696971,0.772996256,0.761424629,0.762485964,0.762369721,0.763488102,0.73788777,0.775140785,0.747852612,0.759344135,0.769590741,0.778956621,0.751128586,0.781740038,0.773066538,0.767669784,0.778524263
0.753904683,0.771315176,0.745695611,0.772995286,0.761426798,0.762484336,0.762367579,0.763486553,0.737884851,0.775138236,0.747837965,0.759295617,0.769590397,0.778959996,0.751127511,0.781736883,0.773065568,0.767669659,0.778524038
0.753904191,0.771315159,0.745693898,0.772994303,0.76142854,0.762482655,0.762364415,0.763484979,0.737882412,0.77513718,0.747826156,0.759267775,0.769589224,0.778965309,0.751125949,0.781735365,0.773064811,0.767669942,0.778523821
0.753894287,0.771315138,0.745691509,0.772993411,0.761429397,0.762480883,0.762360551,0.763483369,0.737879257,0.775137468,0.74781792,0.759259811,0.769586191,0.778969485,0.751124134,0.781736574,0.77306442,0.767670831,0.778523616
0.753876677,0.771315112,0.745687654,0.772992647,0.761429557,0.762479091,0.762356265,0.763481629,0.737873402,0.775139047,0.747812952,0.759269089,0.769581327,0.77897063,0.751122213,0.781740364,0.773064238,0.767672338,0.77852342
0.753852089,0.771315077,0.745681805,0.772991939,0.761429169,0.762477293,0.762351694,0.763479799,0.737863393,0.775142209,0.747810572,0.759285796,0.769574824,0.778968015,0.751120327,0.781746107,0.77306427,0.767674415,0.778523226
0.753823022,0.771315039,0.745673994,0.772991298,0.761428456,0.762475425,0.762346842,0.763478035,0.737847539,0.775149244,0.747809252,0.759300725,0.769567512,0.778962531,0.751118462,0.781751604,0.773064948,0.767676937,0.778523026
0.753792538,0.771315,0.745665026,0.772990621,0.761427574,0.762473179,0.762341589,0.763476578,0.737826878,0.775160411,0.747807493,0.759313726,0.769560313,0.778956666,0.751116308,0.781755308,0.773069028,0.767679796,0.77852282
0.753764154,0.771314942,0.745655701,0.772989905,0.761426421,0.762470571,0.762335841,0.763475442,0.737804789,0.775175859,0.747805617,0.759327964,0.769553867,0.778951381,0.751113242,0.78175554,0.773085681,0.76768307,0.778522607
0.753739785,0.771314819,0.745646443,0.772989171,0.761422542,0.762467263,0.762329829,0.763474345,0.737784864,0.775195982,0.747803417,0.759346638,0.769548118,0.778946338,0.751109778,0.781749809,0.773106521,0.767687579,0.778522388
0.753720036,0.771314666,0.745637551,0.772988378,0.761399612,0.762463159,0.762323734,0.763472813,0.737771154,0.77522032,0.747800638,0.759372509,0.769543562,0.778941235,0.751106094,0.78173587,0.773125231,0.767695395,0.778522153
0.753704434,0.771314491,0.745630028,0.772987283,0.761354126,0.76245846,0.762317626,0.763470378,0.737764931,0.775246787,0.74779617,0.759398853,0.769540324,0.778936114,0.751102263,0.781713034,0.773139158,0.767707626,0.7785219
0.753688532,0.771314314,0.745624039,0.772985459,0.761294145,0.762453441,0.762311466,0.763466824,0.737764722,0.775272457,0.747788911,0.759422992,0.769537535,0.778931081,0.751098708,0.78168233,0.773147028,0.767725346,0.778521638
0.75366643,0.771314135,0.745619679,0.772982483,0.761227732,0.762448432,0.762304978,0.763462341,0.737766751,0.775293302,0.747778254,0.759443366,0.76953466,0.778926007,0.75109532,0.781646851,0.773153374,0.767741114,0.778521383
0.753636147,0.771313945,0.745616023,0.772978858,0.761163331,0.76244364,0.762298546,0.763458189,0.737768572,0.77530381,0.747763486,0.759460635,0.769531329,0.778920887,0.75109196,0.781609617,0.773166822,0.767753559,0.778521136
0.753601823,0.771313684,0.74561203,0.772975661,0.761105471,0.762439181,0.762293043,0.763455323,0.737769377,0.775301332,0.747743868,0.759474537,0.769517866,0.778915789,0.751087996,0.781573839,0.773191657,0.767759766,0.778520886
0.753567574,0.771313335,0.745606608,0.772973407,0.761053032,0.762435038,0.762288525,0.763454232,0.737769619,0.775293401,0.747719077,0.759485586,0.769490359,0.778910729,0.751082772,0.781542843,0.773225123,0.767762378,0.77852062
0.753533563,0.77131287,0.745598658,0.772971906,0.761000063,0.762430359,0.762284293,0.763454578,0.73776977,0.775294409,0.747692298,0.759494198,0.769463311,0.778905435,0.751076239,0.781518656,0.773260509,0.767768806,0.778520324
0.753495335,0.771312317,0.745586941,0.772970774,0.760943565,0.762421795,0.762279206,0.763455956,0.737769853,0.77530696,0.747668235,0.759500274,0.769445719,0.778899813,0.751068449,0.781501133,0.773292197,0.767780803,0.778520006
0.753440901,0.771311429,0.745572465,0.77296959,0.760873938,0.762408959,0.762272435,0.763457837,0.737769884,0.775327971,0.747650172,0.759503704,0.769447659,0.77889298,0.751059401,0.781486221,0.77331707,0.767797143,0.778519708
0.753369834,0.771308361,0.745556278,0.772968293,0.760785007,0.762391933,0.76226487,0.763459885,0.737769814,0.775354545,0.747637204,0.759504382,0.769482469,0.778879602,0.751050571,0.781467575,0.773333801,0.767812349,0.778519434
0.753281151,0.771295913,0.745539285,0.772966779,0.76067678,0.762371946,0.762257805,0.763461567,0.737769603,0.775382579,0.747626251,0.759503069,0.769553305,0.778797605,0.751042251,0.781442975,0.77334028,0.767822527,0.778519553
0.753177628,0.771266773,0.745522956,0.772964679,0.760557711,0.762351599,0.762251279,0.763461753,0.737769131,0.775407593,0.747612704,0.759500474,0.76965797,0.778663721,0.75103429,0.781413478,0.773337008,0.767828324,0.778520305
0.753065663,0.771230952,0.745509356,0.772961046,0.760445566,0.762334907,0.762245119,0.763459561,0.737765266,0.775423794,0.747593806,0.759496684,0.769787317,0.778528016,0.751024284,0.781379211,0.77332634,0.767831972,0.778521636
0.752952609,0.77119719,0.745500082,0.77293872,0.76035571,0.76232499,0.762237998,0.763454711,0.737740592,0.775430081,0.747570254,0.759491765,0.769930422,0.778426318,0.750989427,0.781339937,0.773311957,0.767833903,0.778523623
0.752847761,0.771169029,0.74549437,0.772867212,0.760294422,0.762320931,0.762223225,0.763447793,0.737705585,0.775433875,0.747547058,0.759485101,0.77007277,0.778372405,0.75091724,0.781293164,0.773294566,0.767834975,0.778526457
0.752758672,0.771146908,0.745490368,0.772781301,0.76026168,0.762319185,0.762206297,0.763440483,0.737664569,0.775444142,0.747534953,0.759474179,0.770200216,0.778365467,0.75082584,0.781229573,0.773274785,0.767833413,0.778530678
0.752690039,0.771129751,0.745487091,0.772692512,0.76025298,0.762311491,0.762193491,0.763434884,0.737617559,0.775460224,0.747542968,0.75944626,0.770297663,0.778404018,0.750715522,0.781140626,0.773254613,0.767820156,0.778537877
0.752640911,0.771118958,0.74548401,0.772605878,0.760257286,0.762298884,0.762190905,0.7634319,0.737565962,0.775479516,0.747574402,0.759343776,0.770355786,0.778455371,0.750605406,0.781037095,0.773237801,0.767796694,0.778548924
0.752605674,0.771112271,0.745479907,0.772523507,0.760259016,0.762276754,0.762201812,0.763431673,0.737514376,0.775497742,0.747625791,0.759168886,0.770385822,0.7784816,0.750515761,0.780933075,0.773226394,0.767766601,0.778562812
0.752575595,0.771106545,0.74546816,0.772445941,0.760229599,0.762248829,0.762225799,0.763432803,0.737467667,0.775509368,0.747690049,0.758975584,0.770404275,0.778473011,0.750469886,0.780834259,0.773222612,0.767728495,0.778577972
0.75254097,0.771095482,0.745423914,0.7723735,0.760160689,0.762223908,0.76225972,0.763434206,0.737430919,0.775508347,0.747739245,0.758781623,0.770419318,0.778441504,0.750484709,0.78074635,0.773227536,0.767683609,0.778592104
0.75249395,0.771077078,0.745336079,0.772304356,0.760081015,0.762213912,0.762290696,0.76343552,0.737407237,0.775487639,0.747752399,0.758597399,0.770428162,0.778422923,0.750560852,0.780672347,0.773242075,0.767634124,0.778601487
0.752415362,0.771052187,0.745242131,0.772235688,0.76001083,0.762229908,0.762309466,0.763436639,0.737392204,0.775438097,0.747703069,0.758432456,0.770422607,0.778435582,0.750673524,0.780610017,0.773263135,0.76758148,0.77860573
0.752295797,0.77102311,0.745151689,0.772165145,0.759946411,0.762277375,0.762308062,0.763434322,0.737377824,0.7753566,0.747584094,0.758292375,0.770387781,0.778469797,0.750798615,0.780547101,0.773288978,0.767526438,0.778607638
0.752126061,0.770985689,0.745071749,0.772097818,0.759880833,0.762353768,0.76228123,0.763421693,0.737356541,0.775251071,0.74741056,0.75817119,0.770320813,0.778522508,0.750910354,0.78046713,0.773317482,0.767468615,0.778609301
0.751904503,0.770936617,0.745007311,0.772042413,0.75980629,0.762452701,0.762223794,0.763399392,0.737324449,0.775135141,0.747213879,0.758055368,0.770232385,0.778592548,0.750996976,0.780365931,0.77334611,0.767409981,0.77861144
0.751647667,0.770880076,0.744958945,0.772006265,0.75971681,0.762568651,0.762145493,0.763367361,0.737288929,0.775017848,0.747025731,0.757934927,0.770143423,0.77867155,0.751056744,0.78025658,0.773372087,0.767352637,0.778614839
0.751380593,0.770822412,0.744923669,0.771985289,0.759611775,0.762694779,0.762071941,0.763331114,0.737264252,0.774903276,0.746869533,0.757801961,0.770075955,0.778756124,0.751086171,0.780162183,0.773394139,0.767300099,0.778619299
0.751120886,0.770775219,0.74489878,0.771969165,0.759498227,0.762829888,0.762036694,0.763299667,0.737256136,0.77479688,0.746757576,0.757662158,0.770042949,0.778830277,0.751077269,0.780100177,0.773411769,0.767250991,0.778624546
0.750872031,0.770744026,0.744883073,0.771950869,0.759389014,0.762966119,0.762050066,0.763273368,0.737262404,0.774705508,0.746688182,0.757526981,0.770043564,0.778885667,0.751022382,0.780062375,0.773424904,0.767203694,0.778630297
0.750636635,0.770723059,0.744874941,0.771930054,0.759297119,0.763090535,0.762101454,0.763250232,0.737278597,0.774633006,0.746660621,0.757401855,0.770066306,0.778909512,0.750922854,0.780021061,0.773432247,0.767157795,0.778635341
0.750417352,0.770693725,0.744874841,0.771912993,0.759231239,0.763193241,0.762178207,0.763223145,0.737301032,0.774576436,0.746657013,0.757286447,0.770091352,0.778886619,0.750785958,0.779949775,0.773426793,0.76710341,0.778639554
0.750216228,0.770640495,0.744883803,0.771913316,0.759189477,0.763271204,0.76225496,0.763188125,0.737323735,0.774531821,0.746624694,0.757174657,0.770092632,0.778793055,0.750613839,0.779849755,0.773405783,0.767038732,0.778643023
0.750035601,0.77054608,0.744908936,0.771942042,0.759164168,0.763332144,0.762321951,0.763145107,0.737340839,0.774493395,0.746497766,0.757061081,0.770055255,0.778613499,0.750415454,0.779758199,0.773360907,0.766969167,0.778646119
0.749875691,0.770405852,0.744960098,0.771991193,0.759146901,0.763384084,0.762367664,0.763099071,0.7373505,0.774462734,0.746266148,0.756938766,0.769993252,0.778358688,0.750183436,0.779709099,0.773289242,0.766912218,0.778645467
0.749725447,0.770220068,0.745045866,0.772037868,0.759125602,0.763431369,0.762375769,0.763058039,0.737351586,0.774446711,0.745934812,0.756812829,0.769936137,0.778061848,0.749915352,0.779708326,0.773185583,0.766883887,0.778632235
0.749579028,0.76999409,0.745156998,0.772067961,0.759089637,0.763476165,0.762322152,0.763026564,0.737344474,0.774460741,0.74550834,0.756690133,0.769901935,0.777765706,0.749629676,0.7797307,0.773052489,0.766903369,0.778610264
0.749432937,0.769732208,0.74527122,0.772074677,0.75901309,0.763518059,0.762201866,0.763000702,0.737331179,0.774523035,0.745027681,0.756583103,0.76989757,0.777494912,0.749359895,0.779747138,0.772897804,0.766976115,0.778585938
0.749303885,0.769455106,0.74537548,0.772067102,0.758865278,0.763540502,0.762036916,0.76297674,0.737305469,0.774640524,0.744543213,0.756510451,0.769921027,0.777263534,0.749131427,0.77973763,0.772734758,0.767085245,0.778568334
0.74920851,0.769182644,0.745461486,0.77205964,0.758663413,0.76353036,0.761857281,0.762953276,0.737253554,0.774805283,0.744081334,0.756487201,0.769965731,0.77708244,0.748954158,0.779675649,0.772569462,0.767200635,0.778569437
0.749154838,0.768918345,0.745536946,0.772051743,0.758430583,0.76347989,0.761667042,0.762927604,0.73717403,0.774989398,0.743642467,0.756521145,0.770021474,0.776956657,0.748827856,0.779542674,0.772397387,0.767298589,0.778586178
0.749142368,0.768656195,0.745609813,0.772039725,0.758143745,0.763389355,0.761451124,0.762899836,0.737063423,0.775148605,0.743211163,0.75660896,0.770072764,0.776882955,0.748738323,0.779352897,0.772208879,0.767349637,0.778602498
0.749164707,0.768384841,0.745682151,0.772015226,0.757823044,0.763264305,0.761218003,0.762866166,0.736926408,0.775241766,0.74276822,0.756739389,0.77010527,0.776847459,0.74864299,0.779135935,0.772011608,0.767340796,0.778594356
0.749205168,0.76808962,0.745750603,0.771974178,0.75747894,0.763120409,0.760992798,0.762824919,0.736785878,0.775248515,0.74229388,0.756899161,0.770110187,0.776826223,0.748482477,0.778916124,0.771820385,0.767267846,0.778545499
0.749235426,0.767769499,0.745800652,0.771908961,0.757131203,0.762971406,0.76082675,0.762775536,0.736668194,0.775188186,0.741791509,0.757059866,0.770078913,0.776792778,0.74821665,0.77871182,0.771653419,0.767166797,0.778442489
0.749218045,0.767429413,0.745816206,0.771814914,0.756795991,0.762826267,0.760796442,0.762715999,0.736584459,0.775105093,0.741292157,0.757196359,0.770006756,0.776727215,0.747834755,0.778529918,0.771525998,0.767067477,0.778291621
0.749157663,0.76707962,0.745777365,0.771693218,0.756472402,0.762690634,0.760958268,0.76263529,0.736529703,0.775032152,0.740841514,0.757277748,0.769906263,0.776606698,0.747367538,0.778364446,0.771443601,0.766972296,0.778115302
0.749085591,0.766730301,0.745684029,0.771558495,0.756162267,0.76256087,0.761315549,0.762512161,0.73649526,0.774973711,0.740465724,0.757298667,0.769802677,0.776408147,0.746861083,0.778208803,0.771418936,0.766876927,0.777931673
0.749015068,0.766397979,0.745563914,0.771416829,0.755863385,0.762433909,0.761782714,0.762335343,0.736472839,0.774923191,0.740157184,0.757268327,0.769717545,0.776106419,0.746350425,0.778045976,0.771466605,0.766773186,0.777748959
0.748937771,0.766111579,0.745439333,0.771263888,0.755565645,0.762309587,0.762297751,0.762115435,0.736458433,0.774859442,0.739887294,0.757215212,0.769661501,0.775661321,0.745860653,0.777865693,0.771583873,0.766662395,0.777569142
0.748844643,0.76591013,0.745311449,0.771086884,0.755261136,0.76219031,0.762798808,0.76186777,0.736449006,0.774752924,0.739631155,0.757161855,0.769631022,0.775093498,0.745401668,0.777663306,0.771718694,0.766563937,0.777398916
0.74872129,0.765817195,0.745173535,0.770867769,0.754947658,0.762080935,0.763269891,0.761593264,0.736438987,0.774583421,0.73937909,0.757120332,0.769621296,0.774462935,0.744960163,0.777446113,0.771829973,0.766494759,0.777250089
0.748548312,0.765821304,0.745013711,0.770595935,0.754654576,0.761983389,0.763680199,0.761286708,0.736423472,0.774362703,0.739142762,0.757097076,0.769624352,0.77381251,0.744497025,0.777217577,0.771878028,0.766463772,0.777128913
0.748311847,0.76587396,0.744826502,0.770276082,0.754434626,0.761905324,0.763972602,0.760948719,0.73639938,0.774090832,0.738927626,0.757083315,0.769636349,0.773148302,0.743983497,0.776974384,0.771866325,0.76646639,0.777032077
0.748015016,0.765897231,0.744606347,0.769933987,0.754320112,0.761853781,0.764081035,0.760593408,0.736373123,0.773788127,0.738735702,0.757070905,0.769651168,0.772487278,0.743435192,0.776704173,0.77183086,0.766501663,0.77696254
0.747673675,0.765823702,0.744336045,0.769579928,0.754308214,0.761833522,0.764005994,0.760237713,0.736338847,0.773477284,0.738588689,0.757046065,0.769638593,0.771864098,0.742848232,0.776396446,0.771804722,0.76656345,0.776923406
0.747307291,0.76561721,0.744029051,0.769207369,0.754379048,0.761841228,0.763782662,0.759892222,0.736215148,0.773155451,0.73849451,0.75699796,0.769555768,0.771312344,0.742208638,0.776050595,0.771793313,0.766652756,0.776917704
0.746944871,0.765289131,0.74367619,0.768813128,0.754521467,0.761862442,0.763480677,0.759554694,0.735880476,0.772835942,0.738424077,0.756914481,0.769348163,0.770844557,0.741513461,0.775684096,0.771783979,0.76676312,0.77694463
0.746626607,0.76487091,0.743270907,0.768392608,0.754703023,0.76187742,0.763148859,0.759227769,0.735357235,0.772558337,0.738338799,0.756784528,0.769013043,0.770433393,0.740779652,0.775318038,0.771768206,0.766890379,0.776989061
0.746402693,0.764385268,0.742821678,0.767952062,0.754905506,0.76186493,0.762795771,0.758917966,0.734702074,0.772358008,0.738188034,0.7566171,0.768569384,0.770081885,0.740025638,0.774962152,0.771732645,0.767021917,0.77703809
0.746298674,0.763861799,0.742330931,0.767504609,0.755103913,0.761831762,0.762425237,0.758625241,0.733980209,0.772256773,0.737942703,0.756439278,0.768051907,0.769785463,0.739251534,0.77461874,0.771663954,0.767134431,0.777067819
0.746310604,0.763332303,0.741799107,0.767059182,0.755298454,0.761787025,0.762029773,0.758338817,0.733241426,0.772268206,0.737594156,0.756276055,0.767486256,0.769541994,0.738439907,0.774293248,0.771548088,0.767218814,0.777064452
0.746423793,0.762821647,0.741230628,0.766592409,0.755484286,0.761736064,0.761610956,0.75803378,0.732523856,0.77239646,0.737167318,0.756135394,0.766890411,0.769285039,0.737593788,0.773981821,0.771389858,0.767278917,0.777010227
0.746601933,0.762334511,0.74063366,0.766108586,0.755654201,0.761663417,0.761176029,0.757684,0.731830918,0.772618495,0.736689091,0.75601749,0.766276224,0.768960264,0.736752212,0.773676198,0.771215839,0.767311564,0.776904546
0.746810978,0.76185413,0.74002424,0.765612522,0.755807458,0.761571056,0.760738544,0.757263235,0.731140198,0.772883409,0.736176542,0.755918541,0.765659875,0.768506537,0.735985152,0.773363932,0.771033823,0.767296394,0.776770722
0.74699822,0.761357577,0.739424085,0.765101568,0.755935026,0.76148461,0.760293814,0.756769912,0.730427694,0.77311107,0.735641932,0.755847127,0.765055305,0.767901036,0.735362747,0.773027948,0.770825062,0.767201957,0.776629797
0.747119742,0.760820309,0.738845238,0.764573762,0.756035468,0.761430361,0.759831877,0.756242573,0.729670789,0.773238231,0.735105681,0.755800037,0.764470712,0.767224035,0.734921253,0.772656122,0.770607621,0.767005428,0.776488946
0.747149236,0.7602513,0.738285545,0.764028341,0.756113543,0.761413101,0.75934275,0.755741198,0.728845696,0.773218015,0.734590847,0.755754561,0.763908311,0.76661305,0.73463846,0.772235782,0.770373762,0.766738811,0.776337244
0.747105254,0.759681226,0.737728517,0.763466348,0.756179897,0.761414311,0.75883218,0.755304884,0.727942792,0.77306301,0.734108733,0.755690412,0.763361553,0.766131719,0.734436362,0.771768352,0.770079858,0.766477041,0.776165709
0.747025405,0.759136831,0.737153674,0.762890539,0.756229058,0.761410274,0.758323069,0.754929911,0.726972286,0.772848441,0.733650319,0.755604161,0.762821444,0.76575759,0.734200569,0.771269808,0.769704284,0.766278945,0.775966135
0.746949328,0.758626886,0.736556789,0.762306406,0.756235506,0.761363752,0.757818072,0.754584746,0.725964759,0.77262799,0.733190062,0.755511228,0.762263094,0.765462614,0.73377435,0.770757694,0.769279374,0.766154392,0.775744649
0.746909276,0.758148931,0.735945375,0.76172164,0.756150353,0.761250461,0.757298276,0.754229478,0.724989539,0.772409002,0.73269715,0.755428573,0.761650089,0.765201001,0.733076473,0.770248671,0.768864018,0.766088294,0.775510874
0.746930316,0.757713438,0.735328915,0.761139697,0.755938357,0.761044871,0.756754564,0.753832211,0.72413016,0.772160188,0.732133105,0.755363173,0.760972276,0.764942245,0.732199736,0.769752487,0.768529798,0.766067194,0.775278545
0.747031403,0.757334245,0.734709055,0.760560842,0.755608139,0.760754425,0.756199016,0.753387923,0.723451957,0.771853152,0.731501242,0.755314756,0.760250164,0.764675722,0.731270871,0.769247953,0.768319851,0.766084493,0.775064905
0.747212479,0.757008463,0.734077163,0.759972892,0.755167686,0.760406605,0.755665214,0.752931609,0.722969051,0.771490937,0.730799771,0.755279733,0.759504055,0.764412344,0.730335494,0.76873087,0.768225316,0.766132641,0.774883114
0.747446557,0.756711028,0.73343074,0.759360858,0.7546307,0.760035257,0.755183819,0.752498218,0.72264896,0.771105457,0.730029674,0.755253901,0.758739145,0.764171247,0.729377594,0.768212314,0.768187048,0.766212811,0.774739619
0.747723785,0.756414159,0.732807624,0.758704505,0.75401601,0.75965655,0.754757005,0.752096579,0.722417813,0.770746317,0.729210373,0.755238799,0.757971719,0.763961715,0.728397864,0.767708941,0.768154363,0.766328927,0.774618101
0.748019306,0.756092686,0.732287195,0.758001822,0.753349066,0.759286615,0.75435713,0.751719416,0.722204386,0.770461886,0.728376365,0.755249887,0.75724388,0.763785637,0.727460371,0.767221106,0.768061431,0.766481085,0.774499266
0.748330434,0.755726924,0.731945238,0.757266068,0.752659912,0.7589477,0.753946155,0.751353943,0.721906109,0.770280402,0.727572268,0.755302861,0.756615965,0.763641339,0.726655164,0.766729239,0.767882823,0.766641008,0.774383013
0.748648226,0.755314411,0.731789358,0.756522105,0.751975816,0.758659056,0.753478174,0.750995907,0.721480028,0.770194058,0.726828682,0.755390794,0.75610447,0.763527258,0.726042519,0.766225594,0.767596591,0.76677492,0.774283738
0.7489803,0.754881059,0.731797117,0.755796757,0.751309214,0.758426721,0.752887419,0.750607047,0.720933686,0.770180726,0.726145749,0.755509506,0.75567797,0.763434472,0.725694285,0.765682341,0.767230332,0.766826882,0.77420759
0.749327734,0.754468262,0.731945602,0.755113828,0.750650461,0.758245711,0.752167029,0.750143322,0.720343318,0.770188707,0.72552518,0.755650425,0.755305595,0.763360102,0.725600904,0.765075884,0.766826075,0.766766435,0.774142617
0.749664569,0.754103979,0.732173285,0.754485928,0.749983972,0.758099794,0.751441416,0.74957267,0.719849424,0.770194241,0.724969888,0.755795914,0.754926409,0.76328511,0.725757796,0.764404111,0.766417906,0.76660302,0.77407527
0.749879473,0.753817262,0.732377198,0.753910787,0.749295745,0.757969857,0.750856665,0.748910946,0.719519449,0.77017912,0.724482071,0.755927682,0.754553096,0.763176353,0.726111259,0.763686147,0.766015194,0.766391447,0.773990722
0.749920402,0.753629146,0.732469438,0.753418437,0.748586971,0.75783567,0.750446116,0.748231396,0.719338945,0.770145647,0.724037447,0.756028936,0.754203276,0.763019579,0.726543353,0.762945457,0.765601679,0.766181514,0.773883784
0.749794197,0.753542961,0.732394618,0.753048952,0.747873887,0.757696459,0.750151346,0.747621942,0.7192219,0.770085149,0.723624739,0.756101097,0.753855605,0.762825213,0.726913776,0.762201746,0.765154958,0.765996647,0.773754214
0.749507084,0.75354601,0.732148955,0.752808208,0.747172046,0.757565183,0.749885544,0.747147348,0.719151487,0.769990313,0.723213555,0.756156218,0.753395414,0.762598166,0.727046753,0.761462634,0.764648174,0.765848248,0.773608503
0.749096609,0.753626906,0.731786259,0.752681552,0.746490323,0.757456096,0.749521626,0.746819578,0.71916051,0.769847456,0.722785726,0.756192959,0.752698485,0.762344791,0.726849568,0.760732041,0.764089337,0.765741996,0.77346044
0.748630955,0.753777307,0.731369442,0.752657421,0.745825192,0.757364151,0.748981141,0.746596636,0.719289802,0.769638133,0.722350299,0.756216457,0.751726659,0.762075082,0.726375643,0.75999499,0.763511856,0.765669571,0.773329837
0.748159163,0.753975912,0.730962708,0.752747724,0.745192337,0.757268541,0.748277342,0.746424386,0.719537693,0.769357882,0.721963782,0.756235085,0.750617373,0.761832541,0.725788047,0.759218633,0.762959636,0.765617307,0.773217364
0.7476874,0.754176964,0.7306106,0.752956899,0.744621336,0.757128307,0.747505188,0.746288834,0.719838732,0.769026152,0.721711957,0.756233485,0.749575658,0.76166252,0.725199303,0.758377711,0.762466181,0.765567882,0.773095673
0.747215265,0.754312486,0.73035253,0.753279583,0.744151724,0.756886555,0.746756561,0.746213398,0.720165394,0.768643983,0.721652485,0.756173962,0.748728219,0.761565807,0.724642004,0.757489713,0.762051034,0.765494185,0.772941743
0.746742411,0.754347916,0.73023368,0.753658596,0.743811461,0.75651203,0.746061748,0.746228106,0.720502422,0.768219523,0.721779674,0.756012407,0.748151091,0.761515605,0.724143715,0.756607449,0.761708085,0.765368233,0.772720494
0.746276338,0.754260912,0.730272093,0.754070645,0.74363283,0.756044884,0.74542967,0.746345285,0.720867038,0.767764212,0.722023959,0.755714284,0.747838969,0.761504729,0.723734484,0.755813883,0.761382448,0.765164782,0.772436507
0.745844993,0.754043024,0.730456664,0.754498123,0.743636622,0.755546846,0.744852409,0.746524885,0.721243211,0.767271107,0.722340153,0.755293027,0.747712087,0.761547446,0.723444038,0.755135359,0.761019209,0.764858189,0.772114647
0.745467725,0.753720137,0.73074573,0.754861173,0.743837182,0.755043674,0.744348982,0.746707386,0.72163028,0.766731436,0.72268406,0.75482452,0.747721351,0.761669917,0.72326066,0.754560609,0.760553999,0.764441404,0.771780116
0.745152426,0.753337138,0.731054886,0.755089183,0.744223789,0.754555993,0.7439419,0.746811638,0.721998857,0.766143642,0.723038689,0.754366583,0.747789471,0.761897927,0.723160311,0.754030037,0.759943551,0.763940501,0.771434346
0.744876156,0.752890243,0.731320751,0.755112587,0.744728112,0.754101771,0.743660546,0.746695808,0.722285415,0.765519811,0.723395959,0.753942953,0.747886502,0.762238464,0.723077712,0.753491545,0.759192653,0.763419048,0.771058686
0.744601698,0.75234363,0.731494217,0.754952755,0.74531199,0.753697098,0.743505574,0.746245147,0.722420443,0.764879377,0.72374782,0.75358146,0.747921216,0.762637128,0.7230046,0.752900882,0.758358447,0.76290738,0.770677815
0.744277864,0.751699522,0.731591158,0.754694283,0.745923463,0.75334952,0.743504778,0.745507246,0.722339926,0.764244372,0.724098773,0.753302613,0.747872237,0.762952598,0.722965895,0.752235289,0.757489208,0.762421247,0.770367185
0.743843787,0.751014194,0.731676183,0.754370373,0.746535855,0.753047529,0.743672735,0.74460647,0.722009762,0.763642858,0.724446141,0.753118003,0.747695258,0.763118015,0.722984783,0.751500133,0.756611676,0.761947942,0.770192599
0.743253452,0.750326897,0.731811314,0.753968218,0.747067647,0.752783234,0.74399808,0.743612583,0.721485658,0.76309944,0.724791821,0.753029048,0.747354617,0.763183944,0.723046431,0.750763065,0.755748502,0.761469606,0.770137966
0.742523276,0.749609702,0.731999033,0.753499095,0.747439181,0.752523657,0.744420284,0.742551848,0.720896283,0.762638967,0.725128107,0.753020087,0.746809443,0.763187501,0.723080971,0.750104537,0.754916813,0.76104155,0.770142002
0.741732539,0.748810331,0.732198589,0.752975537,0.747571224,0.752250714,0.744808599,0.741422994,0.720355212,0.762266469,0.725455693,0.753037683,0.746063914,0.763155326,0.723015279,0.749541084,0.754139023,0.760792036,0.770175524
0.740957037,0.7478832,0.732379883,0.752400408,0.747446085,0.751929849,0.745079399,0.740226512,0.719908884,0.761959473,0.725768781,0.753053171,0.745204426,0.763059238,0.722783924,0.749060247,0.753442695,0.760788233,0.770255812
0.74021919,0.746837,0.732519654,0.751776024,0.747147728,0.751557387,0.745144508,0.738965635,0.719570698,0.761677252,0.726041002,0.753051042,0.744399905,0.762851347,0.722372515,0.748561395,0.752862738,0.76101543,0.770397718
0.739498343,0.745739106,0.732628729,0.751093788,0.746799442,0.75113565,0.745022105,0.737662791,0.719342927,0.761358867,0.726223857,0.753035938,0.743808395,0.762470174,0.721862385,0.747898616,0.752396872,0.761382869,0.770596331
0.738807913,0.744648344,0.732707832,0.750323616,0.746482211,0.750687968,0.74481166,0.736333622,0.719215362,0.760980199,0.726246599,0.752995579,0.743493613,0.761896172,0.721305718,0.746889773,0.752003658,0.761816589,0.770818971
0.738196145,0.743625033,0.732732394,0.749435791,0.746213687,0.750255161,0.744581287,0.734985549,0.719171895,0.760540943,0.726100546,0.752902354,0.74342771,0.761215924,0.720712804,0.745499942,0.751637964,0.762236705,0.770993183
0.737755188,0.742669632,0.732683068,0.748461807,0.746001934,0.749890312,0.744383431,0.733613584,0.719192595,0.760062908,0.725873953,0.752771016,0.743562172,0.760511752,0.720067126,0.743870698,0.751238282,0.762636422,0.771048753
0.737588969,0.741784608,0.732572278,0.747411779,0.745826749,0.74960372,0.744213302,0.732206898,0.719235226,0.759563185,0.725663028,0.752662987,0.743813589,0.759789302,0.719371774,0.74219509,0.750766644,0.763023423,0.770903107
0.737734049,0.740981845,0.732454468,0.746306367,0.745661978,0.749381727,0.744097345,0.730773078,0.719211418,0.759047642,0.725493011,0.752605361,0.744120517,0.7590482,0.718661661,0.740617477,0.750240638,0.763416203,0.770508469
0.73809255,0.740252488,0.732366566,0.745171311,0.745483829,0.749212382,0.744064281,0.729361192,0.719032914,0.758510067,0.725374552,0.75256524,0.744384686,0.758299912,0.717954811,0.739272182,0.749726098,0.763787061,0.769899108
0.738451358,0.739578572,0.732298444,0.744002654,0.74526835,0.749108378,0.744141859,0.728056511,0.718710979,0.757940711,0.725306051,0.752502098,0.744540539,0.757576159,0.717224017,0.738249124,0.7492628,0.764135019,0.769193712
0.738634641,0.738926276,0.732228932,0.742806888,0.744980859,0.74910805,0.74429838,0.726959995,0.718224976,0.757336728,0.725272465,0.75238094,0.744486087,0.756898466,0.716427961,0.737568639,0.748836866,0.764466084,0.768486086
0.738489288,0.738289146,0.73213459,0.741595495,0.744589625,0.749231701,0.74442706,0.72613235,0.717579645,0.756711332,0.725260676,0.752162286,0.744131723,0.756288907,0.715529913,0.737221147,0.748413699,0.764785992,0.767792675
0.737972659,0.737677483,0.732028622,0.74045028,0.744124345,0.749458338,0.744420208,0.725581003,0.716815245,0.756071581,0.725253807,0.751843286,0.743431582,0.755738985,0.714570377,0.737066811,0.747933487,0.765095211,0.767090497
0.737175768,0.737174315,0.731926768,0.739424279,0.74366389,0.749770352,0.744141435,0.725271835,0.715988912,0.755424712,0.725251477,0.751438481,0.742471976,0.755237171,0.713685931,0.737023375,0.747364301,0.765368033,0.766338082
0.736259251,0.736843388,0.73183277,0.738501211,0.743238287,0.750134025,0.743528858,0.725204229,0.715136591,0.754810983,0.725259111,0.750943502,0.741458208,0.754792568,0.713028106,0.737001443,0.746718094,0.765559041,0.765537078
0.735350247,0.736675713,0.731691657,0.737652818,0.742815705,0.750546932,0.742671623,0.725339498,0.714261132,0.754315644,0.725279489,0.750356228,0.740546355,0.754439751,0.712637198,0.737006485,0.746043918,0.765598477,0.764711929
0.734514641,0.736612197,0.73146056,0.736812294,0.742356205,0.750989479,0.741739197,0.725592007,0.713356569,0.754012168,0.72527595,0.749652914,0.739839922,0.754196137,0.712476548,0.73705946,0.74541764,0.765459009,0.763887023
0.733761591,0.736526403,0.73113253,0.735925075,0.741841302,0.751390402,0.740861004,0.725846498,0.71241733,0.753904099,0.725184337,0.748815114,0.739361315,0.754016966,0.712523094,0.737149861,0.744862714,0.765190405,0.763061335
0.733065611,0.736315284,0.73075181,0.734922251,0.741266802,0.751661875,0.740130276,0.726038393,0.711457696,0.753942446,0.724953953,0.74788595,0.739135347,0.753820791,0.712675535,0.737288673,0.744338714,0.764872152,0.762220594
0.732413194,0.735913534,0.730357772,0.733782568,0.740635948,0.751655488,0.739573397,0.726234949,0.71051216,0.754095311,0.724562783,0.746954302,0.739088604,0.753545786,0.712867959,0.73747754,0.743739515,0.764550669,0.76134807
0.731787929,0.735313967,0.729962556,0.73250288,0.739949196,0.751313358,0.739145005,0.726522844,0.709607531,0.754312656,0.723993965,0.746093042,0.739114208,0.753159429,0.713093827,0.73772894,0.742969603,0.764195833,0.760442693
0.731169319,0.73455378,0.729569553,0.731110667,0.739209266,0.750697457,0.738729849,0.726945452,0.708781799,0.754549739,0.723298138,0.745314378,0.739104914,0.752729256,0.713337425,0.73795587,0.741983692,0.763740642,0.759516895
0.730523778,0.733782392,0.729171636,0.729657489,0.738417971,0.749952029,0.738174506,0.727382103,0.708097037,0.754742817,0.722546786,0.744576405,0.738858254,0.752325141,0.713603497,0.738132968,0.740787042,0.76313777,0.758579531
0.729819323,0.733141376,0.728790512,0.728169353,0.737600969,0.749198985,0.737378418,0.727638846,0.707564915,0.754790758,0.721790795,0.743902025,0.738181733,0.751975495,0.713844175,0.738298152,0.739413477,0.762381773,0.757622425
0.729023631,0.73265111,0.72846621,0.726630344,0.736793833,0.748507778,0.736369045,0.727510336,0.707146425,0.75460315,0.721067885,0.743376656,0.73705171,0.751682677,0.713996472,0.738460058,0.737891558,0.761507216,0.756640756
0.728119513,0.732280853,0.728218357,0.724960524,0.736030117,0.747920443,0.735220508,0.726865906,0.706780954,0.754132109,0.720392175,0.743068607,0.73566082,0.751451461,0.713990191,0.738618847,0.736254491,0.76057038,0.755647265
0.727090699,0.731975684,0.728018668,0.723102634,0.735338338,0.747469995,0.733932231,0.725772227,0.706389134,0.753421525,0.719764498,0.74296526,0.734255601,0.751283424,0.713757581,0.738781492,0.734543607,0.759602175,0.75467987
0.725924779,0.731737434,0.727817497,0.72104522,0.734718754,0.747138357,0.732502456,0.724541081,0.705940796,0.752617188,0.719152424,0.742952096,0.732977111,0.751134396,0.713278623,0.738960618,0.732798115,0.758620745,0.75378494
0.724671725,0.731575035,0.727568777,0.71881421,0.734146414,0.746866391,0.730921685,0.723421921,0.705462084,0.751827019,0.718493165,0.742942988,0.731852356,0.75089576,0.712658119,0.739151864,0.731045152,0.757620928,0.753010699
0.723442337,0.731509482,0.727221814,0.716439289,0.733564426,0.746604307,0.729206915,0.722497595,0.704977997,0.751083843,0.71776328,0.742875613,0.730876842,0.750519494,0.712001987,0.739348851,0.729276451,0.756593684,0.752363257
0.722303963,0.731534655,0.726755906,0.713966876,0.732933707,0.746275612,0.727405134,0.72180179,0.704510618,0.750383814,0.717003638,0.742697488,0.730058946,0.749929578,0.711312497,0.739548837,0.727495124,0.755526496,0.751792452
0.721236074,0.731632389,0.726189118,0.711435069,0.732244236,0.745816277,0.725611459,0.721348225,0.704044719,0.749723982,0.716278547,0.742325748,0.729412532,0.7490609,0.710566569,0.739748749,0.72574666,0.754412648,0.751247523
0.720176817,0.731771701,0.725577966,0.708857976,0.731521663,0.745205578,0.723977038,0.721096678,0.703554306,0.74908246,0.715619561,0.741708806,0.728945037,0.747956879,0.709743508,0.739944995,0.724140421,0.753246632,0.750702556
0.7190665,0.731896099,0.724970481,0.706230032,0.730802887,0.744467901,0.722632671,0.720924166,0.702975569,0.748429254,0.715021002,0.740938304,0.728567013,0.746759499,0.708844497,0.74012395,0.722778209,0.752033811,0.75013009
0.717892824,0.731981587,0.724397008,0.703525692,0.730115793,0.743624213,0.721607554,0.720688044,0.702250342,0.747699138,0.714453445,0.74024142,0.728130629,0.745570202,0.707909379,0.740269079,0.721639786,0.750833602,0.749492971
0.716767309,0.731956985,0.723853148,0.700793939,0.729469411,0.742697161,0.720866351,0.720387795,0.701364516,0.746867542,0.713884483,0.739793916,0.727404506,0.74442773,0.706989731,0.740298859,0.720586284,0.74975592,0.748754696
0.715855099,0.731721912,0.723332116,0.698168822,0.728854773,0.741698836,0.720265329,0.720178071,0.700388908,0.745942233,0.713292298,0.739644713,0.726252009,0.743335518,0.706131182,0.740142465,0.719493066,0.748890199,0.747876157
0.715216126,0.731151495,0.722863176,0.695868665,0.728338062,0.740649661,0.719709175,0.720134392,0.699425835,0.744976479,0.712670262,0.739692924,0.724744205,0.742303973,0.705366723,0.739674518,0.71824734,0.748251952,0.746831933
0.714792108,0.730125852,0.722488847,0.694071564,0.728014509,0.739574283,0.719110919,0.720139532,0.698531278,0.743993972,0.712049247,0.739663298,0.723010493,0.741316018,0.704709966,0.738815978,0.716913992,0.747785955,0.745635778
0.714396801,0.72861866,0.722196876,0.692878642,0.727924249,0.738493429,0.718422628,0.720110661,0.697713937,0.74295287,0.711493887,0.739384775,0.721142703,0.740392791,0.704145217,0.737579002,0.715729829,0.747472235,0.744346118
0.713904061,0.72683247,0.721949546,0.692240927,0.728037441,0.737413085,0.717739199,0.720099337,0.696947396,0.74180342,0.711065005,0.739006931,0.719204298,0.739535623,0.703656501,0.73615678,0.714835058,0.7472412,0.743012413
0.713205842,0.725033189,0.721746251,0.691965573,0.728279032,0.736328172,0.717253408,0.720200241,0.696221098,0.740528287,0.710756131,0.738790276,0.717404911,0.738666372,0.703199753,0.734732718,0.714233064,0.747027069,0.741659877
0.712297822,0.723310895,0.72159797,0.691925444,0.728604332,0.735222715,0.717100628,0.720480158,0.695566585,0.73918493,0.710506605,0.738742724,0.715996939,0.737755478,0.702719721,0.733368908,0.713885942,0.746783154,0.740310636
0.711345889,0.721644195,0.721509768,0.691977181,0.728961213,0.734087061,0.717291741,0.720864755,0.695019009,0.737849742,0.710257104,0.738680592,0.715072488,0.736843312,0.702156756,0.732071222,0.713768505,0.746466122,0.738991465
0.710489016,0.719913423,0.721438773,0.692108823,0.729311749,0.73292108,0.717699873,0.72125193,0.694567145,0.7365788,0.709955833,0.738451607,0.714523989,0.73597894,0.701509462,0.730806141,0.713842611,0.746047781,0.737722296
0.709752529,0.718011341,0.721276986,0.692362691,0.729571615,0.731735815,0.718234702,0.721431533,0.694165051,0.735483095,0.709559231,0.737989518,0.714280956,0.735217447,0.70086315,0.72956734,0.714082724,0.745413421,0.736558244
0.709076117,0.715846565,0.720923106,0.692727616,0.729689156,0.730536268,0.718876958,0.721222804,0.69380828,0.734730404,0.70902703,0.737259648,0.71428571,0.734643133,0.700262964,0.728409258,0.714405055,0.744472647,0.735638785
0.708445772,0.713445933,0.720364588,0.693202065,0.72965097,0.729321414,0.719593478,0.720437054,0.693504743,0.734342028,0.708334965,0.736280018,0.714461964,0.73426154,0.699701452,0.727433823,0.714740061,0.743246153,0.735010189
0.707944627,0.710892989,0.719674488,0.69374976,0.729475504,0.728074664,0.720352112,0.719129671,0.693287367,0.734202762,0.707474979,0.73505737,0.7147135,0.734023556,0.699128966,0.726739119,0.715029332,0.741880572,0.734596964
0.707658783,0.708297986,0.718937399,0.694372153,0.729136623,0.726775545,0.721069228,0.717660664,0.693172488,0.734220902,0.706452722,0.733617103,0.714819669,0.733863288,0.698495042,0.726370417,0.715219439,0.740536257,0.734334829
0.707550597,0.70575832,0.718222799,0.695041342,0.728578612,0.725413384,0.72163016,0.716380524,0.693140546,0.734273982,0.705324212,0.732058958,0.714638241,0.733739113,0.697843369,0.726265169,0.715255813,0.739273847,0.734131715
0.707537624,0.703325585,0.717579382,0.695774715,0.727766388,0.724001689,0.721849842,0.71533941,0.693113349,0.734340386,0.704142065,0.730565599,0.71398508,0.733618764,0.697181606,0.726224914,0.715103364,0.73809517,0.733897862
0.707518115,0.701041937,0.717033992,0.696548504,0.726754003,0.722589863,0.7215498,0.714389226,0.692918466,0.734413477,0.70292799,0.729297053,0.712825363,0.733449518,0.696501169,0.726048245,0.714707003,0.736901389,0.733462661
0.707444583,0.698940337,0.716590214,0.697338268,0.725632932,0.72123127,0.720733866,0.713449176,0.692336424,0.734507184,0.701682811,0.728281661,0.711381441,0.733176527,0.695741977,0.725524012,0.713997931,0.735598386,0.732712462
0.707278091,0.697039388,0.716195992,0.698135977,0.724465325,0.71994275,0.719725207,0.71253701,0.691262356,0.734634515,0.70039634,0.72740889,0.709974179,0.732764492,0.694850434,0.724540984,0.712971603,0.734118846,0.731624179
0.707008159,0.695348613,0.715794612,0.698891932,0.72331044,0.718696617,0.718751975,0.711744234,0.689847566,0.734769297,0.699053751,0.726535346,0.708716842,0.732169558,0.693975349,0.723315406,0.711695032,0.732452913,0.730338101
0.706707297,0.693873232,0.715359024,0.699536518,0.722188872,0.717448706,0.717777657,0.711069462,0.688472435,0.734835754,0.69768717,0.725519198,0.707527335,0.731400757,0.693393679,0.722253207,0.710309682,0.730668134,0.729017288
0.706468158,0.692616767,0.714912637,0.69991678,0.721103279,0.716166146,0.716695071,0.710411878,0.687380781,0.734683567,0.696395133,0.724248601,0.70631916,0.730386218,0.693246751,0.721492002,0.70890976,0.728932049,0.727713421
0.706377932,0.691581815,0.714508689,0.699924952,0.72003444,0.714857764,0.715322439,0.709646998,0.686592442,0.73428744,0.695309987,0.722600161,0.704982612,0.729025137,0.693522284,0.720913849,0.70751312,0.72748229,0.726388072
0.706469122,0.690785721,0.714221171,0.699584513,0.718949894,0.713503209,0.71359736,0.708644856,0.686049456,0.73382583,0.694511972,0.720541247,0.703461954,0.72731476,0.694077779,0.720402291,0.706119848,0.726524015,0.724979202
0.706752239,0.690284058,0.714084943,0.699092308,0.717869958,0.712019383,0.711725282,0.707346981,0.685702044,0.733370062,0.694054112,0.718195018,0.701758242,0.725335194,0.694752413,0.719783314,0.704760355,0.726033202,0.72355271
0.707197216,0.690103657,0.714086648,0.698610465,0.716889086,0.710348796,0.710032293,0.70573839,0.685432169,0.732821428,0.693992244,0.715768654,0.699950334,0.723154097,0.695344262,0.718910576,0.703463132,0.725806492,0.722265239
0.707755676,0.690103199,0.714154973,0.698100575,0.71609814,0.708471406,0.708747495,0.703821891,0.685158423,0.73202318,0.694304219,0.713377344,0.698061035,0.720825818,0.695714951,0.717759801,0.702270938,0.725757725,0.721227988
0.708369704,0.690288503,0.714148825,0.697490914,0.715526418,0.706408909,0.707915511,0.701570717,0.684813597,0.730855301,0.694848909,0.711030069,0.696030657,0.718369701,0.69581796,0.716538102,0.70125321,0.725864331,0.720389408
0.708899031,0.690662351,0.713923638,0.696739377,0.715088513,0.704210847,0.707547741,0.699096542,0.684309134,0.729329704,0.695404495,0.708734844,0.69386078,0.715774734,0.695791628,0.715561267,0.700445226,0.726131786,0.719568652
0.709189304,0.69116206,0.713373454,0.695822317,0.714657988,0.701936622,0.707640932,0.696667611,0.683472806,0.72759208,0.695772131,0.706488788,0.691543865,0.713069349,0.695744025,0.714986867,0.699794017,0.72649386,0.718621283
0.709103292,0.691712628,0.712486941,0.69479707,0.714073446,0.699636053,0.708181501,0.694509598,0.682198072,0.725819027,0.695922404,0.704353377,0.68904711,0.710357829,0.695666828,0.714779058,0.699224205,0.726914681,0.717498337
0.708574009,0.692193082,0.711433164,0.693753338,0.713315614,0.697405051,0.709051379,0.692622776,0.680706373,0.724190168,0.695933168,0.702281445,0.686268075,0.70793276,0.695422813,0.714768793,0.698674339,0.727332826,0.716266952
0.707545039,0.692557098,0.710496737,0.692737955,0.712567737,0.695300187,0.710035288,0.690860884,0.679369527,0.722850418,0.69580271,0.700138642,0.683118691,0.706062614,0.69490906,0.714894882,0.69806203,0.72764127,0.715026729
0.705956871,0.692808741,0.709864932,0.691793041,0.711846791,0.69331924,0.710957404,0.68905602,0.67822085,0.721877647,0.695430227,0.697859894,0.679499479,0.704788177,0.694081644,0.715181971,0.697188708,0.727763974,0.713808698
0.70381187,0.693017082,0.709551672,0.690890243,0.711005381,0.691406092,0.711708282,0.687055282,0.677099937,0.721248867,0.694723907,0.695458957,0.67544651,0.703976074,0.69307513,0.715616788,0.695863679,0.727688324,0.712577532
0.701252574,0.693200506,0.709459721,0.690047618,0.709977824,0.689418755,0.71223861,0.684861963,0.675831099,0.720793055,0.693690414,0.692995461,0.671091718,0.703528327,0.692121189,0.716098462,0.694040433,0.727425379,0.711236225
0.698419096,0.693303048,0.709434697,0.689339418,0.708842787,0.687247016,0.712464638,0.682597933,0.674286701,0.720380211,0.692481608,0.690407047,0.666800977,0.703391506,0.691344151,0.716434025,0.691950579,0.726935679,0.70970688
0.695368266,0.69334321,0.709357692,0.688772202,0.707772155,0.684839052,0.712320739,0.680522935,0.672518048,0.719884373,0.691306236,0.687570446,0.663018657,0.703490218,0.690740555,0.716419966,0.689867994,0.726076105,0.707967343
0.69221042,0.693386659,0.709090175,0.68834604,0.706827553,0.682280453,0.711620345,0.678925373,0.670708272,0.719178779,0.690237768,0.6842978,0.660102072,0.703681933,0.690288086,0.715971741,0.687820999,0.72465322,0.706134067
0.689140661,0.693382125,0.708534459,0.687907049,0.705939531,0.679666143,0.710300209,0.677972629,0.668938192,0.71815365,0.689255078,0.68053946,0.658184341,0.703796925,0.689971627,0.715209139,0.685798511,0.722602487,0.704370707
0.686399461,0.693130236,0.707601295,0.687296688,0.705121863,0.677056349,0.708476383,0.677652812,0.667051702,0.716896751,0.688308839,0.676283564,0.656806091,0.703842252,0.689769294,0.714288042,0.683771684,0.720138786,0.702726143
0.684111571,0.692447329,0.706345952,0.686315644,0.704440239,0.674372792,0.706365086,0.677721147,0.66477718,0.715713937,0.687441487,0.671805276,0.655169128,0.703955479,0.689681115,0.713343926,0.681767587,0.717436371,0.701082311
0.682374451,0.691168274,0.704905825,0.684867771,0.703929755,0.671517232,0.704071399,0.67790048,0.662110442,0.714840381,0.686729002,0.667346973,0.652420371,0.704219645,0.689734274,0.712490575,0.679817737,0.714420904,0.699434312
0.680986558,0.689151038,0.703395826,0.682858328,0.703503213,0.668517248,0.70158452,0.678094628,0.659531185,0.714288377,0.686151127,0.663018769,0.648111489,0.704563109,0.689954976,0.711916563,0.677840408,0.710972844,0.69791879
0.679597759,0.686414336,0.701914252,0.680301802,0.703053574,0.665635135,0.698838102,0.678307713,0.657557155,0.71394617,0.685611728,0.658956835,0.642699444,0.70491641,0.690340304,0.711728018,0.675720207,0.707087459,0.696737218
0.677894366,0.683283275,0.700522247,0.677311813,0.702451051,0.663125496,0.695713796,0.678458823,0.656314372,0.71369958,0.685007928,0.655345607,0.637764335,0.70529134,0.690822753,0.711922935,0.673445312,0.703069906,0.695866528
0.67550566,0.680169062,0.699235049,0.674071747,0.701543193,0.660942499,0.692155344,0.678349336,0.655712241,0.713367198,0.684236628,0.652513657,0.634189173,0.705750292,0.691228741,0.712418763,0.671198136,0.699354048,0.695021509
0.672192192,0.677452558,0.697999679,0.670809653,0.700337802,0.658787284,0.688213172,0.677895845,0.655545243,0.712785974,0.683206077,0.650655096,0.631951994,0.706115229,0.691265402,0.713061395,0.669212938,0.696339868,0.694046649
0.668394069,0.675350786,0.696693579,0.66775395,0.699007773,0.656372899,0.684106334,0.676975963,0.655559404,0.711906082,0.681892821,0.649716342,0.630700227,0.705914121,0.690757685,0.713637315,0.667508676,0.694264845,0.693119474
0.664916436,0.673845993,0.695237265,0.665091706,0.697672955,0.653511851,0.680182434,0.675512339,0.655469463,0.710888175,0.680341727,0.649530342,0.630010194,0.704783123,0.689735219,0.713815902,0.665926762,0.693159497,0.692698073
0.662129586,0.67275187,0.693616271,0.663015228,0.696279881,0.650216198,0.676799498,0.673462654,0.654888094,0.709941822,0.678672737,0.649561795,0.629515113,0.702623669,0.688447173,0.713373776,0.664344407,0.69261771,0.692945196
0.659868092,0.671789844,0.691880247,0.661768237,0.694763733,0.646854548,0.674168581,0.671067781,0.653480422,0.709152832,0.677051379,0.649343381,0.629032234,0.699740417,0.68721725,0.712270175,0.662693448,0.692530718,0.693631257
0.657859079,0.670514458,0.690088639,0.661449572,0.693109704,0.64389636,0.672337149,0.668967245,0.651184773,0.70848834,0.675589085,0.648702674,0.628531037,0.696525374,0.686262255,0.710680755,0.661005263,0.692602968,0.694513257
0.655729213,0.668613511,0.688256542,0.661805717,0.691333935,0.641619438,0.67140705,0.667698156,0.648448959,0.707734681,0.674293319,0.647488938,0.62810813,0.693389526,0.685643276,0.70885137,0.659414585,0.692379286,0.695408623
0.653366779,0.666015116,0.686304075,0.662446459,0.68946204,0.640114215,0.67124072,0.66720046,0.645682973,0.706659405,0.673138801,0.645721947,0.627855606,0.690769254,0.685326447,0.706914666,0.657987607,0.691338576,0.696166746
0.651124222,0.662912351,0.684186962,0.663048317,0.687507105,0.639365868,0.671461289,0.667098839,0.6429926,0.70507303,0.672069004,0.64361688,0.627767072,0.688910846,0.68522696,0.704943772,0.656703986,0.689233441,0.696646652
0.649598135,0.659560606,0.681923363,0.663479526,0.68548342,0.639038824,0.671598642,0.666982116,0.640357925,0.703090307,0.671067257,0.641455805,0.627785073,0.687809603,0.685208332,0.703011908,0.655662619,0.685984614,0.696814909
0.648797218,0.656202809,0.679531221,0.66377761,0.683400457,0.638903799,0.671242873,0.666449464,0.637685156,0.701220471,0.670205656,0.639381508,0.627906764,0.687251181,0.685305701,0.701152495,0.654927641,0.682023925,0.696884253
0.648389883,0.65303354,0.676981959,0.664186537,0.681259236,0.638771426,0.669845829,0.665519584,0.634844671,0.699880152,0.669620136,0.637450386,0.628210289,0.687058421,0.685384756,0.699300509,0.654454416,0.678346962,0.697050208
0.648079037,0.650166596,0.674214779,0.664828621,0.679019496,0.638529609,0.66710594,0.664264111,0.631769672,0.69912263,0.669397067,0.63550701,0.628715261,0.68697048,0.685324483,0.69741418,0.654173573,0.675867043,0.697397073
0.647862819,0.647651333,0.671203218,0.665676823,0.676578245,0.638048391,0.662986566,0.662708928,0.628515555,0.698761906,0.66950068,0.633178394,0.629269793,0.686649003,0.685058451,0.69542837,0.653950084,0.674944771,0.697853951
0.647987167,0.645507215,0.667970671,0.666687735,0.673739765,0.637270304,0.658148926,0.660622234,0.625313149,0.698655734,0.669829444,0.629866522,0.629628826,0.685677201,0.684622163,0.693268883,0.653557997,0.675653463,0.698347405
0.648556681,0.643860692,0.664591721,0.667752379,0.670429315,0.636392505,0.653666665,0.658101154,0.622379019,0.698641392,0.670293156,0.625463832,0.629490212,0.683596191,0.684077717,0.69090009,0.652747452,0.677198271,0.698751133
0.649560338,0.64265194,0.661073224,0.668836856,0.666666597,0.635714315,0.650167891,0.655390677,0.619858822,0.698634606,0.67080742,0.620870081,0.628571789,0.680074006,0.683551419,0.688426452,0.651370779,0.679011342,0.699003541
0.65078665,0.641655853,0.657398172,0.669802927,0.662581232,0.63534877,0.647768446,0.652843766,0.617837596,0.698525631,0.671250197,0.617135524,0.62686324,0.675247029,0.683125345,0.686138686,0.649517057,0.68085811,0.699042856
0.652000814,0.64064237,0.653647399,0.670403728,0.658366194,0.63524415,0.646448125,0.650742341,0.616342159,0.698084172,0.671434846,0.614685922,0.624654649,0.669770585,0.682799443,0.684316397,0.647623259,0.682700424,0.698885232
0.653179508,0.639406849,0.649977141,0.670461704,0.654201282,0.635328322,0.646061873,0.649364904,0.615248604,0.697015885,0.671228113,0.613196416,0.622297222,0.664276838,0.682535771,0.682978282,0.646015843,0.684644829,0.698498437
0.654341347,0.637886495,0.646565005,0.670082284,0.650283947,0.635537938,0.646206622,0.648855778,0.614414192,0.695193022,0.670784435,0.612196656,0.620039039,0.659205452,0.682271824,0.682090053,0.644705146,0.686509858,0.698002616
0.655161707,0.636546967,0.643508164,0.669411174,0.646823982,0.635867737,0.646511652,0.649123876,0.613716091,0.692856096,0.670439698,0.611345026,0.617901811,0.654825332,0.681965617,0.681676646,0.6434571,0.68785809,0.697578283
0.654566903,0.63566629,0.640737149,0.66889669,0.643895621,0.636343552,0.646785803,0.649686093,0.613128669,0.690516656,0.670251473,0.610708249,0.615854967,0.651511281,0.681567082,0.681742188,0.642001397,0.688315484,0.697271528
0.652043067,0.635159362,0.638035114,0.668696856,0.641415668,0.636942361,0.646681838,0.650228645,0.612662556,0.68847323,0.670037706,0.610371364,0.613646058,0.649203626,0.681085577,0.682128253,0.64021212,0.687898937,0.69698088
0.647996589,0.634965634,0.635096316,0.668812309,0.639095002,0.637592752,0.646238103,0.650745738,0.612375601,0.686673249,0.669609365,0.610269087,0.611162304,0.64761037,0.680463823,0.682566358,0.637994938,0.6870394,0.696459421
0.643769823,0.635022464,0.63192999,0.669012116,0.636598735,0.638142761,0.644768238,0.651357369,0.612281387,0.68500662,0.668826669,0.610162071,0.608488231,0.646551434,0.6797118,0.682637999,0.63531976,0.686061774,0.695541197
0.640092529,0.635468219,0.628804194,0.668914074,0.633609625,0.63849838,0.642059487,0.652106785,0.612279611,0.683306437,0.667615182,0.610156629,0.605576209,0.645528826,0.678802748,0.682225252,0.632279314,0.685022155,0.694112463
0.636512772,0.636162753,0.625997593,0.668261874,0.630301306,0.638675842,0.638309305,0.652996525,0.612289127,0.681477277,0.666153395,0.610251936,0.602601862,0.643973693,0.677696945,0.681261412,0.629207707,0.683843486,0.692242794
0.633214575,0.636633853,0.623722211,0.666732777,0.62731865,0.63868444,0.634520839,0.653964647,0.612273137,0.679535981,0.664722664,0.610289879,0.599656777,0.641320916,0.676359285,0.679905238,0.626532949,0.682388191,0.690129677
0.630736066,0.63632766,0.622134143,0.664378823,0.62513349,0.63840201,0.631564727,0.654955941,0.612233402,0.677666883,0.663431404,0.610151066,0.596920535,0.637423968,0.67476194,0.678360674,0.624479929,0.680575229,0.687902468
0.629514271,0.634830653,0.621233599,0.661261007,0.623771452,0.63777428,0.629717423,0.65580873,0.612177459,0.675761955,0.66223342,0.609947705,0.594347521,0.632072929,0.672900483,0.676532865,0.623023742,0.678394784,0.685592976
0.628942248,0.632297779,0.620918323,0.657433976,0.62306635,0.636850959,0.628897568,0.656124856,0.612105256,0.673411265,0.661039252,0.609669947,0.592648553,0.62545399,0.670796702,0.674275486,0.622066858,0.67595197,0.683183966
0.627706911,0.629722509,0.620950242,0.653108651,0.622844153,0.635740077,0.628955667,0.65575961,0.612016833,0.670285125,0.659785589,0.609284098,0.592440083,0.618166185,0.668468018,0.67133264,0.621463518,0.673385577,0.680681804
0.625348973,0.6278499,0.621071901,0.64856582,0.62287309,0.634533726,0.629339483,0.654772335,0.611912402,0.666083205,0.658440582,0.608772071,0.593146466,0.610767085,0.665963086,0.667662312,0.621117656,0.670796585,0.678113561
0.622315497,0.62682198,0.621206303,0.644082449,0.62310066,0.633239146,0.629746352,0.653212097,0.611783457,0.660812984,0.657000883,0.608041308,0.594024726,0.604090154,0.663390313,0.663484507,0.620956975,0.668286869,0.675453302
0.619752416,0.626460077,0.621465562,0.639716623,0.623500077,0.631716551,0.629661635,0.650993168,0.61163284,0.654816212,0.655467179,0.606886243,0.594405973,0.598843283,0.661025257,0.659191277,0.620966226,0.66592369,0.672652448
0.618204073,0.626475285,0.621984155,0.635444819,0.624004259,0.629625996,0.628757942,0.647992574,0.611473738,0.648621185,0.653837151,0.605016694,0.593822573,0.595430623,0.659058855,0.65503441,0.621133729,0.663853456,0.669697507
0.618037961,0.626660231,0.622762936,0.631117697,0.624547384,0.626894557,0.626902027,0.644142417,0.611317702,0.64282599,0.652017194,0.602317499,0.592369868,0.59317848,0.657413312,0.650977166,0.62143815,0.6621768,0.666600435
0.619149886,0.62704889,0.623578302,0.62666609,0.625071537,0.623878073,0.624082599,0.639540277,0.611170305,0.637920958,0.649878637,0.599335868,0.590653338,0.591706853,0.655521449,0.647016592,0.621802693,0.660910114,0.663404042
0.621651379,0.627655538,0.62418537,0.622385508,0.62559105,0.621262897,0.620403165,0.634450387,0.611043622,0.634068036,0.647298665,0.597050621,0.589360739,0.590706167,0.653060974,0.643063575,0.622137484,0.660225097,0.660145415
0.625813096,0.628105736,0.624603683,0.618931746,0.626174169,0.61931816,0.61589307,0.629092467,0.610942082,0.631280626,0.644209851,0.595766513,0.588771576,0.589873785,0.649627777,0.639510562,0.622376465,0.659992577,0.656843839
0.630872197,0.627438132,0.625068467,0.616954287,0.626850667,0.617860794,0.610544798,0.623607577,0.610869052,0.629363558,0.640684884,0.595021041,0.588935127,0.589075253,0.645239361,0.637193176,0.622476491,0.660568897,0.653677569
0.63602788,0.625049991,0.625770087,0.616331541,0.627609048,0.61682292,0.604181671,0.618071729,0.610819117,0.628073057,0.6368065,0.594286713,0.589707457,0.588279669,0.640250217,0.636844789,0.622469775,0.661828562,0.650883412
0.640791808,0.621386557,0.626847516,0.616429855,0.628412013,0.616334076,0.596566193,0.61268113,0.610797999,0.627177632,0.632619274,0.593333781,0.590827104,0.587592191,0.634717112,0.638052142,0.622488392,0.663750441,0.648735054
0.645305449,0.617436358,0.628223666,0.616921076,0.62921835,0.616366718,0.587441533,0.607384902,0.610807048,0.626570787,0.628209814,0.59257607,0.592025119,0.587201537,0.628409744,0.640048007,0.622542598,0.66623679,0.647329426
0.649713785,0.614169241,0.629731044,0.617664964,0.629968116,0.616716884,0.57671262,0.602031762,0.610840495,0.626342472,0.623788597,0.592147016,0.593127411,0.587206379,0.620980272,0.642201317,0.622640271,0.669032729,0.646477072
0.654026494,0.612113842,0.631175324,0.61852403,0.630633916,0.61713407,0.565098319,0.597021346,0.610908927,0.626510271,0.619648994,0.591656561,0.594160952,0.587771376,0.61208464,0.643964599,0.622706407,0.671685338,0.645905249
0.658080256,0.611229771,0.632307021,0.619242194,0.631214689,0.61738227,0.554269839,0.593056862,0.610996459,0.626900582,0.615984021,0.59096881,0.595128153,0.589011971,0.601492961,0.644976419,0.622562556,0.673774474,0.645290356
0.661800163,0.610674193,0.632996536,0.619475814,0.631628684,0.617370169,0.545726936,0.590370096,0.611097375,0.627351187,0.612903895,0.590151574,0.595991747,0.590974477,0.589035295,0.645103667,0.621914189,0.674889665,0.644687334
0.665207334,0.609881383,0.633048249,0.618747401,0.631695419,0.61721055,0.540233757,0.588408357,0.611211812,0.627598221,0.610477587,0.589314398,0.596700937,0.593576317,0.574581519,0.644538385,0.620579973,0.675133327,0.644391674
0.668305158,0.609008931,0.632601215,0.617202167,0.631432991,0.617026455,0.536748746,0.586867194,0.611337877,0.627182769,0.60869864,0.58856153,0.597159235,0.596685591,0.558083061,0.643418806,0.618671274,0.674732234,0.644629081
0.670956031,0.608534117,0.631741911,0.615012157,0.631070627,0.616703359,0.534357466,0.585795738,0.611470651,0.625751493,0.607391665,0.587842625,0.597131558,0.600148616,0.540310113,0.641930975,0.616379562,0.673697368,0.645364823
0.672936969,0.60885652,0.630150203,0.612668017,0.630953659,0.615858631,0.532522311,0.585581946,0.611616655,0.623564067,0.606404751,0.587218059,0.596429685,0.603634471,0.522060153,0.639929002,0.613813719,0.671974119,0.646345665
0.674323365,0.609525561,0.628002536,0.610688551,0.631200001,0.614538418,0.531205819,0.58665011,0.611777707,0.621204539,0.605754454,0.586698052,0.594934099,0.606766683,0.503875798,0.637614134,0.611233011,0.669437914,0.647382389
0.675404471,0.610159037,0.626635096,0.60946301,0.631535215,0.613220221,0.530296106,0.588377851,0.611944888,0.619312194,0.605397421,0.586254101,0.592734811,0.609873302,0.486060453,0.635120205,0.60895406,0.666029857,0.648481977
0.676420938,0.610624782,0.626697555,0.608906948,0.631587548,0.612477885,0.529937509,0.590171036,0.612123899,0.618360179,0.605283978,0.585838785,0.589862939,0.612922305,0.471820527,0.632460346,0.607156264,0.661706536,0.649556982
0.677427266,0.610889318,0.627035449,0.608670279,0.63097193,0.612351826,0.529913038,0.591594951,0.612319689,0.618078657,0.605277824,0.585450056,0.586390279,0.615906991,0.463423478,0.629385094,0.605898925,0.656603313,0.650363522
0.678415413,0.611021664,0.626385009,0.608548604,0.629374562,0.612680964,0.529967342,0.59254028,0.612530412,0.618208573,0.605209948,0.585132231,0.582425262,0.618833299,0.458172861,0.625506704,0.605145871,0.651344278,0.650798376
0.679382594,0.611081343,0.623857309,0.608477484,0.62690643,0.613264868,0.530033262,0.593338858,0.612761888,0.618749818,0.605029336,0.584942536,0.578020326,0.62179828,0.454761461,0.620648054,0.60482507,0.64678801,0.65116406
0.680352132,0.611129044,0.619312397,0.608434538,0.623966652,0.613844531,0.529986391,0.594622192,0.613002192,0.619477575,0.604788501,0.584936158,0.573232404,0.624778528,0.45292401,0.615248344,0.604696684,0.643272133,0.652014172
0.681275099,0.611193116,0.61434233,0.60843057,0.620918311,0.61431934,0.529779109,0.596875071,0.613251783,0.620279488,0.604605048,0.585015521,0.568219995,0.627774167,0.452256613,0.60969115,0.60450106,0.640866593,0.65350653
0.68205734,0.611300424,0.60987331,0.608458419,0.617932726,0.614712639,0.529338902,0.599391627,0.613498936,0.621261922,0.604565928,0.585104121,0.563369246,0.630691704,0.452297978,0.604353726,0.604342228,0.639458997,0.655338655
0.682708909,0.611461228,0.605679615,0.608524857,0.614972241,0.615032051,0.528795652,0.601312822,0.613743993,0.622494201,0.604556023,0.58515406,0.55938144,0.633398589,0.45270144,0.59901719,0.604318916,0.638853163,0.657348842
0.683216203,0.611648849,0.6020611,0.608609682,0.612048245,0.615272171,0.528330985,0.602550992,0.613990142,0.623901043,0.604496232,0.585153314,0.556345995,0.635568624,0.453202061,0.593543374,0.60425237,0.638704845,0.65952651
0.683630457,0.6118636,0.599282882,0.608696955,0.609048044,0.615443175,0.528031087,0.603187241,0.61422926,0.625319867,0.604339318,0.585073909,0.554221957,0.63723653,0.453663762,0.589445969,0.603739936,0.638841864,0.661576095
0.68390979,0.61210301,0.59743717,0.608811311,0.60568084,0.615579465,0.528042675,0.603389298,0.614485537,0.626531622,0.604088013,0.584930076,0.553013681,0.63822154,0.454014026,0.587372998,0.602654523,0.639057013,0.662794778
0.684085789,0.61235494,0.596448798,0.608948195,0.602173465,0.615737051,0.528546454,0.603322208,0.614760836,0.627737058,0.603775934,0.584736116,0.552629544,0.638891384,0.454146389,0.587372423,0.601497395,0.639325865,0.66267456
0.684165009,0.612593763,0.595903791,0.609105218,0.598893243,0.615931024,0.528949816,0.603070947,0.61506646,0.629159387,0.603484971,0.58452781,0.55297962,0.639336802,0.454174273,0.587989088,0.60077655,0.639631555,0.661057732
0.684144071,0.612850723,0.595367041,0.609263526,0.59592951,0.61615824,0.52928439,0.602767994,0.615407464,0.630439867,0.60332794,0.584354636,0.553991586,0.639582571,0.45416356,0.588223105,0.600446406,0.639939276,0.658517155
0.684068458,0.613136183,0.594444591,0.609413239,0.593231623,0.616410889,0.529563604,0.60250035,0.615790513,0.631272299,0.60328547,0.584239706,0.554567354,0.639697446,0.454094419,0.587799747,0.60022718,0.640250519,0.655433404
0.683903978,0.613432268,0.593955047,0.609557424,0.591452871,0.616673879,0.529794093,0.602317219,0.6162182,0.631402588,0.603308061,0.584159258,0.554959327,0.639781842,0.454011324,0.58666613,0.600060041,0.640540718,0.652117811
0.683656398,0.613745724,0.594422437,0.60969624,0.590578078,0.616926813,0.529995093,0.602238457,0.616710028,0.630841131,0.603370501,0.584081518,0.555332754,0.639861874,0.453919917,0.584727536,0.599883949,0.640830524,0.648818187
0.683365283,0.614072822,0.595051437,0.609830775,0.590086894,0.617135315,0.530185385,0.602265887,0.617277849,0.629941245,0.603451995,0.583993153,0.555673765,0.639940049,0.453823993,0.581680295,0.599690965,0.641086808,0.645962305
0.683039374,0.61439876,0.595318712,0.609943094,0.589753354,0.617277166,0.530363608,0.60237517,0.617919151,0.629691278,0.603537334,0.583889109,0.556001244,0.640017616,0.453680977,0.577428299,0.599421781,0.641289968,0.644289522
0.682618549,0.614728328,0.595134894,0.610060595,0.58952342,0.617385469,0.530527414,0.602600566,0.618625551,0.630615052,0.603618976,0.583813016,0.556269204,0.640096201,0.453474947,0.572009566,0.599153467,0.64143954,0.644274188
0.68219548,0.615065949,0.594494365,0.610257049,0.589356809,0.617485612,0.530681956,0.602899439,0.619336982,0.63203672,0.603687204,0.583750469,0.556490988,0.640176785,0.45315646,0.565452814,0.598992997,0.641570095,0.645153354
0.681793955,0.615414977,0.593365659,0.610503846,0.589251042,0.617574652,0.530822241,0.60329796,0.620034959,0.633576632,0.603743242,0.583736323,0.556670449,0.640259733,0.452929487,0.558418145,0.598941979,0.641684542,0.646214187
0.681348382,0.6157732,0.591962784,0.610826889,0.589119256,0.617671479,0.530956584,0.603748948,0.620713422,0.635009634,0.603802471,0.583780845,0.556817084,0.640344961,0.452894524,0.552017598,0.598955943,0.641790436,0.646754119
0.680832966,0.616133404,0.59036422,0.611236377,0.588956806,0.617770893,0.531088367,0.604215432,0.621351258,0.636179616,0.60387879,0.583854215,0.556947236,0.640432408,0.452939862,0.547219619,0.599002655,0.641886834,0.646660008
0.680140843,0.616499982,0.588795996,0.611660645,0.588608575,0.617890318,0.531221243,0.604685992,0.621943178,0.637182212,0.60396968,0.583961063,0.557075791,0.640521844,0.453013898,0.544153218,0.599062671,0.641974254,0.646450162
0.67923354,0.616901202,0.587453201,0.612072341,0.588085399,0.61802366,0.531355526,0.605295316,0.622461716,0.638089381,0.604077654,0.584103562,0.557201078,0.640612996,0.453131676,0.542546148,0.599140464,0.642057202,0.646432001
0.678247507,0.617337202,0.586409296,0.612520063,0.587564735,0.618162577,0.531491555,0.606057136,0.622920468,0.638966588,0.604197756,0.58426431,0.557326804,0.640705465,0.453279696,0.541892321,0.599234388,0.642138153,0.646511465
0.677201991,0.617803846,0.585720028,0.61296804,0.587221163,0.618291907,0.531629343,0.606966264,0.623316406,0.639819908,0.604321112,0.584461406,0.557454059,0.640799155,0.453425865,0.541967272,0.599339744,0.642217982,0.646641864
0.676190629,0.618280112,0.585504305,0.613407264,0.587266733,0.618399215,0.531768968,0.607904463,0.623654942,0.640723538,0.60445089,0.584673135,0.557582988,0.640894101,0.453579404,0.542202668,0.59945505,0.642296566,0.646784052
0.675279743,0.618745413,0.585789449,0.61385681,0.587459582,0.618496894,0.531909437,0.608838417,0.623944734,0.641667331,0.604586651,0.584902932,0.557713424,0.64099032,0.453739265,0.542520306,0.599579502,0.642374468,0.646923588
0.674445533,0.619182617,0.586140769,0.614264988,0.587591158,0.618591843,0.53205164,0.60965347,0.624210629,0.642586219,0.604730291,0.585151717,0.557845586,0.641087713,0.453901156,0.542868486,0.599698356,0.642452019,0.647075849
0.673668863,0.619577017,0.586492785,0.614617534,0.587607654,0.618691843,0.532195606,0.61031115,0.624463889,0.643411617,0.604883571,0.585392942,0.557979477,0.641186308,0.454065091,0.543234224,0.59982362,0.642529361,0.6472474
0.67297485,0.619902201,0.586761326,0.614921767,0.587563696,0.618801547,0.532341509,0.610786491,0.624704631,0.644043378,0.605041537,0.585577984,0.55811522,0.641286117,0.45423118,0.543608676,0.599947818,0.642606868,0.647428203
0.67246423,0.620153009,0.586935895,0.615160868,0.587504239,0.618925983,0.532489139,0.611066647,0.624928028,0.644453033,0.605208384,0.585704334,0.558252678,0.64138714,0.454399329,0.54394914,0.60007537,0.642685685,0.647615794
0.672089558,0.620347471,0.587052771,0.615370562,0.587489856,0.619065415,0.532638692,0.61122538,0.625144199,0.644562174,0.605384874,0.585787841,0.558391893,0.64148941,0.454569561,0.54427489,0.600200809,0.642767582,0.647790527
0.671728952,0.620503751,0.587153031,0.615543914,0.587562067,0.619209533,0.532790011,0.611360432,0.625337595,0.644280427,0.60556004,0.585862578,0.558532814,0.641592924,0.454741943,0.544559214,0.600328562,0.642853795,0.647954604
0.671308225,0.620644091,0.587237687,0.615687764,0.587744186,0.619354265,0.532943252,0.611476767,0.62551085,0.643708256,0.605736023,0.585936867,0.558675458,0.641697679,0.454916473,0.544798012,0.600458377,0.642944024,0.648138611
0.6708028,0.620769968,0.587351874,0.615810504,0.588011977,0.619495639,0.533098463,0.611593152,0.625669616,0.642992343,0.605911292,0.586015659,0.558819873,0.641803744,0.455093231,0.544997965,0.600596477,0.64303804,0.648353129
0.670275554,0.620893947,0.587462068,0.615936486,0.588319606,0.619630091,0.533255524,0.611710866,0.625822399,0.642344478,0.606080332,0.586095312,0.558966032,0.641911183,0.455272163,0.54515232,0.600742889,0.643135885,0.648597268
0.66976186,0.621018688,0.587563548,0.616062983,0.588621364,0.619760179,0.533414505,0.611829953,0.625966406,0.64188733,0.606244079,0.586166185,0.559114002,0.642019943,0.45545332,0.545271634,0.600904657,0.643237687,0.648912803
0.669220668,0.621144505,0.587625869,0.616190973,0.58891371,0.619869686,0.5335754,0.611950472,0.626101569,0.641512516,0.606412151,0.586257208,0.559263762,0.642130033,0.455636704,0.545368749,0.601078265,0.643342375,0.649300709
0.668622691,0.621271463,0.58761477,0.616320854,0.589227561,0.619977066,0.533738227,0.612072485,0.626230365,0.641137898,0.60657986,0.586359692,0.559415274,0.642241333,0.455822349,0.545452968,0.601260781,0.64344912,0.649709072
0.668066239,0.621399954,0.587507885,0.616452236,0.589597748,0.62008029,0.533903073,0.612195906,0.626359711,0.640662489,0.606751686,0.586498895,0.559568606,0.642353988,0.456010197,0.545532816,0.601453384,0.643557599,0.65007228
0.667537482,0.621529938,0.587198693,0.616585218,0.590054014,0.620168378,0.534069918,0.612320833,0.626490233,0.639989982,0.606935201,0.586644788,0.559723837,0.642468095,0.456200355,0.545621253,0.601650698,0.643667511,0.650337644
0.66704596,0.621661503,0.586819847,0.616719732,0.590582342,0.620253305,0.534238725,0.612447297,0.626622243,0.638784152,0.607129185,0.586790809,0.559880945,0.642583558,0.456392817,0.54572736,0.601845396,0.643778711,0.650436358
0.666471303,0.621794574,0.586518858,0.616855896,0.591159511,0.620336027,0.534409596,0.612575242,0.626755891,0.637038567,0.607333639,0.586938494,0.560039869,0.642700263,0.456587623,0.545843263,0.602047825,0.643891306,0.650490124
0.665781952,0.621929275,0.58636813,0.616993706,0.591712922,0.620422924,0.534582458,0.61270472,0.626891085,0.63496852,0.607552009,0.587087845,0.560200727,0.642818452,0.456784753,0.545970676,0.602262018,0.644005376,0.650522973
0.665009805,0.622065513,0.586340125,0.617133101,0.592194636,0.620523904,0.53475742,0.612835702,0.62702789,0.632710018,0.607795765,0.58723891,0.560363422,0.642937969,0.456984271,0.546110115,0.602486375,0.644120665,0.65056952
0.664074941,0.622203391,0.586333058,0.617274131,0.592586905,0.62064445,0.534934444,0.612968195,0.627166275,0.630459233,0.608052937,0.587391696,0.560528068,0.643058925,0.457186137,0.546255297,0.60273045,0.644237288,0.650623484
0.662974104,0.622342853,0.586334919,0.617416801,0.592962525,0.620795972,0.535113526,0.613102306,0.627306218,0.628122477,0.608322143,0.587546206,0.560694583,0.643181282,0.457390395,0.546416397,0.602998938,0.644355327,0.650645601
0.661712352,0.622484006,0.586364833,0.617561154,0.593357566,0.620989353,0.535294685,0.613237886,0.62744784,0.625673927,0.608601799,0.587702448,0.560863041,0.643305094,0.457597074,0.546585674,0.603298624,0.644474694,0.650655307
0.660334936,0.622626801,0.586370681,0.617707126,0.593819149,0.621217386,0.535477992,0.613375141,0.627591148,0.623156591,0.60886392,0.587860435,0.561033475,0.643430314,0.45780623,0.546761522,0.603641533,0.644595425,0.650618456
0.658853476,0.622771304,0.586314418,0.617854814,0.594366676,0.621492318,0.535663403,0.613513962,0.62773608,0.620483194,0.609112732,0.58802017,0.561205839,0.643556913,0.458017865,0.546939422,0.604026528,0.644717476,0.650552881
0.657265246,0.622917413,0.586296274,0.618004256,0.595010701,0.621799176,0.535850984,0.613654373,0.627882666,0.617636546,0.609366495,0.58818166,0.561380208,0.643685027,0.458232034,0.547121137,0.604452245,0.644840867,0.650454913
0.655606036,0.623065214,0.586297426,0.618155365,0.595758686,0.622126538,0.536040717,0.613796308,0.628030945,0.614592837,0.609619387,0.58834494,0.561556491,0.643814649,0.4584486,0.547304995,0.604916296,0.64496571,0.650336338
0.653932607,0.623214696,0.586326874,0.618308162,0.596608343,0.622468827,0.53623263,0.613939954,0.628180836,0.611410255,0.609874134,0.588510034,0.561734865,0.64394569,0.458667719,0.547490963,0.605400514,0.645091931,0.6501854
0.652193649,0.623365866,0.586381793,0.618462729,0.59749114,0.622824226,0.536426672,0.614085243,0.628332399,0.608113736,0.610134109,0.58867689,0.561915185,0.644078155,0.458889392,0.547679007,0.60591277,0.645219599,0.650014356
0.65044756,0.623518753,0.586462159,0.618619063,0.598337215,0.62318825,0.536622944,0.614232106,0.628485702,0.604804642,0.610406656,0.588845492,0.562097614,0.644212222,0.459113572,0.547869231,0.60644973,0.645348802,0.649832633
0.648707554,0.623673259,0.586564768,0.618777128,0.59911441,0.623533218,0.53682156,0.614380636,0.628640767,0.601624309,0.610710717,0.589015883,0.562282018,0.644347926,0.459340305,0.548061596,0.607002336,0.645479412,0.649643172
0.64697417,0.623829443,0.58668149,0.618936993,0.599833422,0.623896477,0.537022342,0.614530858,0.628797497,0.598603295,0.611055798,0.589188092,0.562468488,0.64448511,0.459569668,0.548256083,0.607589875,0.645611418,0.649451655
0.645252227,0.623987486,0.586819726,0.619098564,0.600491421,0.624242256,0.537225363,0.614682771,0.628955987,0.595825413,0.611427438,0.589362069,0.562657111,0.644623738,0.459801611,0.54845279,0.608229744,0.645744944,0.64921546
0.643518614,0.624147291,0.586978815,0.619261928,0.601081148,0.624557434,0.537430673,0.614836424,0.629116261,0.593394255,0.611821278,0.589537854,0.56284777,0.644763807,0.460036193,0.548651657,0.608927228,0.645880003,0.648969342
0.64178886,0.624308667,0.587153819,0.619427089,0.601553784,0.624864143,0.537638283,0.61499161,0.629278199,0.591428287,0.612218807,0.589715473,0.563041266,0.64490538,0.460273411,0.548852751,0.609691843,0.646016515,0.648801989
0.640104362,0.624471958,0.587340295,0.619594042,0.601964597,0.62514631,0.537848201,0.615148465,0.62944198,0.589697673,0.612631731,0.589894899,0.563236902,0.645048535,0.460513232,0.549056029,0.610523201,0.646154558,0.648722629
0.638440736,0.624637037,0.587531942,0.619762842,0.602351177,0.62539823,0.538060368,0.615307243,0.629607482,0.588181897,0.613060112,0.590076059,0.563434719,0.645193231,0.460755744,0.54926153,0.611363169,0.646294128,0.648736078
0.636815515,0.624803815,0.587725652,0.619933388,0.602683154,0.625616915,0.538274778,0.615467513,0.629774768,0.586822325,0.613524387,0.590258952,0.563634662,0.64533955,0.461000902,0.549469232,0.612131528,0.646435112,0.648869523
0.635260016,0.624972378,0.587921455,0.620105786,0.602898947,0.625827336,0.538491545,0.615629483,0.629943796,0.585600487,0.614030974,0.590443603,0.563836758,0.645487426,0.461248776,0.549679212,0.612756369,0.646577617,0.649054514
0.633959164,0.625142696,0.588119347,0.620280024,0.603081179,0.626039543,0.538710633,0.615793298,0.630114671,0.584529684,0.614585351,0.590630086,0.564040964,0.645636883,0.461499357,0.549891431,0.613214982,0.646721553,0.649251668
0.632970441,0.625314902,0.588319406,0.620456087,0.60326262,0.626234717,0.538931977,0.61595877,0.630287293,0.583590864,0.615208299,0.590818364,0.564247384,0.645787908,0.461752549,0.550105935,0.613554433,0.646867059,0.649432939
0.632204168,0.625488777,0.58852158,0.620634003,0.60344593,0.626409782,0.539155723,0.616126051,0.630461706,0.58272005,0.615911235,0.591008312,0.564456105,0.645940556,0.462008474,0.550322663,0.613805134,0.647014133,0.649614066
0.631912381,0.625664563,0.588725823,0.620813793,0.603631132,0.62658671,0.539381843,0.616294961,0.630637937,0.581908365,0.616676177,0.591200017,0.564666925,0.646094714,0.462267234,0.550541707,0.614008793,0.647162642,0.649791808
0.631940492,0.625842136,0.588932268,0.620995373,0.603818271,0.626765448,0.539610328,0.616465658,0.63081591,0.581183769,0.61747922,0.591393734,0.564880031,0.646250474,0.462528723,0.550762986,0.614197309,0.647312613,0.649966877
0.632100124,0.626021435,0.589140765,0.621178861,0.604007238,0.626946006,0.539841104,0.616638026,0.630995685,0.580530344,0.618184036,0.591589466,0.5650953,0.646407849,0.462792895,0.550986528,0.614386135,0.647464204,0.650141459
0.63229524,0.626202658,0.58935136,0.621364185,0.604198126,0.627128335,0.540074404,0.616812194,0.631177323,0.579953583,0.61870956,0.591787243,0.565312806,0.646566735,0.463059807,0.551212358,0.614576278,0.647617261,0.650315431
0.632485879,0.626385627,0.589564232,0.621551267,0.604390952,0.62731247,0.540309977,0.616988142,0.631360739,0.57945296,0.619057877,0.591987028,0.565532548,0.64672731,0.463329489,0.551440498,0.614768403,0.647771915,0.650489735
0.632679877,0.62657039,0.589779164,0.621740305,0.604585707,0.627498521,0.540548003,0.617165879,0.631545989,0.579033353,0.619299369,0.59218894,0.565754524,0.646889437,0.463601967,0.551670953,0.614962349,0.647928091,0.650665756
0.632881274,0.626757006,0.589996228,0.621931115,0.604782401,0.62768639,0.540788324,0.617345309,0.631733068,0.578693593,0.619512022,0.592393048,0.565978694,0.647053193,0.463877233,0.551903671,0.615158258,0.64808592,0.650843559
0.633083741,0.626945463,0.590215363,0.622123945,0.604980997,0.627876112,0.541031134,0.617526464,0.631922032,0.578407253,0.619710008,0.592599299,0.566205073,0.647218631,0.464155253,0.552138725,0.615356139,0.648245253,0.651023101
0.633291533,0.627135766,0.590436739,0.62231854,0.605181423,0.628067654,0.541276267,0.617709467,0.63211276,0.578174408,0.619907197,0.592807794,0.566433723,0.647385505,0.464436129,0.552376133,0.615555868,0.648406064,0.651204343
0.633499477,0.627328007,0.590660228,0.622515105,0.605383765,0.628260957,0.541523815,0.617894125,0.632305341,0.577994215,0.620106311,0.593018489,0.566664736,0.647553963,0.464719863,0.55261581,0.615757351,0.648568642,0.651387401
0.63371295,0.627521864,0.590885839,0.622713553,0.605588041,0.628456077,0.541773755,0.61808055,0.632499665,0.577865873,0.620307337,0.59323141,0.566896857,0.647724269,0.465006373,0.552857764,0.615960893,0.648732571,0.651572121
0.633926423,0.627717599,0.591113532,0.622913718,0.605794255,0.628653111,0.54202595,0.618268659,0.632695861,0.577787864,0.620510272,0.593446615,0.567131203,0.647896087,0.465295635,0.553102093,0.616166215,0.648897878,0.651758735
0.63413801,0.627915058,0.59134338,0.623115807,0.606002388,0.628851894,0.542280543,0.61845884,0.632893749,0.577758639,0.620715016,0.593664157,0.567367722,0.648069382,0.46558764,0.553348592,0.616373471,0.649064798,0.651947059
0.634343988,0.628114562,0.591575425,0.62331975,0.606212401,0.629052375,0.542537534,0.618650486,0.633093551,0.577776331,0.620921699,0.593884004,0.567606362,0.648244218,0.46588244,0.553597436,0.616582658,0.649233237,0.652137063
0.634550776,0.628315659,0.591809577,0.623525569,0.606424319,0.629254829,0.542796832,0.618843791,0.633295071,0.577838689,0.621130247,0.594106222,0.567847168,0.648420552,0.466179838,0.55384854,0.616793555,0.649403313,0.652328858
0.634757336,0.628518727,0.592045808,0.623733252,0.606638003,0.629458975,0.543058397,0.619038989,0.633498428,0.577942294,0.621340608,0.594330692,0.568090092,0.648598503,0.46648025,0.554101843,0.617006508,0.649574974,0.65252226
0.63496428,0.6287235,0.592284135,0.623942664,0.606853496,0.629664993,0.543322321,0.619235862,0.633703387,0.578083601,0.621552852,0.594557545,0.568335165,0.648778095,0.466783224,0.554357431,0.617221232,0.64974797,0.652717399
0.635172705,0.628929962,0.592524473,0.624153951,0.607071003,0.629872798,0.543588847,0.619434472,0.633910074,0.578257651,0.621767092,0.594786651,0.568582322,0.648959197,0.467089055,0.55461527,0.617437815,0.649922575,0.652914275
0.635383028,0.629138246,0.592767113,0.624367051,0.607290261,0.630082407,0.543857451,0.619634641,0.634118671,0.578458312,0.621982996,0.595018238,0.568831765,0.649141808,0.467397516,0.55487534,0.617656166,0.650098519,0.653112843
0.635595184,0.629348332,0.593011684,0.624581939,0.607511409,0.630293808,0.544128437,0.619836699,0.634328965,0.578678707,0.622200665,0.595252244,0.569083052,0.64932596,0.467708852,0.55513768,0.617876413,0.650275955,0.653313037
0.63580915,0.629560058,0.5932584,0.624798544,0.607734447,0.630506899,0.54440184,0.620040328,0.634541007,0.578912648,0.622420189,0.595488648,0.569336698,0.649511668,0.46802284,0.555402236,0.618098656,0.650454805,0.653514827
0.636025067,0.629773613,0.593507241,0.625016993,0.607959387,0.630721594,0.544677406,0.620245522,0.634754799,0.579156952,0.622641548,0.595727378,0.569592336,0.649698783,0.46833951,0.555669015,0.618322671,0.65063523,0.65371839
0.636242933,0.629988725,0.593758047,0.625237178,0.608185948,0.630938235,0.544955215,0.620452698,0.63497037,0.579409395,0.622864733,0.595968307,0.56985,0.64988765,0.468658987,0.555937768,0.618548448,0.650817007,0.653923529
0.636462542,0.630205476,0.59401085,0.62545896,0.608414394,0.631156427,0.545235468,0.620661343,0.635187582,0.579667654,0.623089499,0.596211737,0.570109847,0.650077865,0.468981017,0.556208687,0.618775802,0.65100032,0.654130269
0.636683473,0.630424059,0.594265608,0.62568244,0.608644476,0.631376331,0.545517896,0.620871823,0.635406489,0.579930003,0.623316044,0.596457357,0.570371631,0.65026925,0.469305727,0.556482033,0.619004715,0.651184998,0.654338842
0.636906419,0.630644093,0.594522407,0.625907859,0.608876269,0.631597838,0.54580238,0.621083645,0.635627116,0.58019524,0.623544377,0.596705524,0.570635663,0.65046236,0.469633015,0.556757392,0.619235478,0.651371007,0.654548651
0.637130792,0.630865577,0.594781155,0.626135026,0.609109622,0.631820951,0.54608927,0.621297084,0.635849256,0.5804624,0.623774528,0.596955472,0.570901471,0.650656718,0.4699628,0.557034909,0.619468101,0.651558479,0.654759913
0.637356883,0.631088671,0.59504187,0.62636358,0.609344702,0.632045811,0.546378134,0.621512273,0.636072886,0.580731095,0.6240061,0.597207752,0.571169103,0.650852822,0.470294989,0.557314306,0.619702179,0.651747178,0.654972906
0.637584401,0.631313442,0.595304314,0.626593761,0.609581525,0.632272135,0.546668976,0.621728758,0.636298322,0.581000414,0.624239499,0.597462369,0.571438911,0.651049826,0.470629717,0.557595861,0.619937908,0.651937821,0.655187495
0.63781375,0.631540378,0.595568458,0.626825643,0.609819898,0.632500121,0.546962067,0.621946863,0.636524885,0.581271193,0.624474558,0.597718802,0.571710312,0.651248269,0.470967102,0.557879412,0.620175018,0.652129145,0.655403389
0.638044635,0.631768464,0.595834504,0.627059211,0.610059886,0.63272963,0.547257135,0.622166497,0.636753268,0.581543001,0.624711084,0.597977197,0.571983796,0.651448611,0.471306836,0.558164827,0.620414243,0.652322086,0.655620942
0.638276657,0.631997697,0.596102303,0.627294336,0.610301432,0.632960815,0.547554124,0.622387718,0.636982944,0.581816184,0.624949518,0.598237691,0.572258855,0.651649735,0.471649175,0.558452233,0.620654311,0.652516495,0.6558399
0.638510385,0.632228613,0.596371823,0.627530812,0.610544372,0.633193065,0.547853014,0.622610489,0.637213762,0.582090632,0.625189724,0.59849972,0.572535766,0.651852723,0.471993682,0.558741394,0.620897168,0.652711547,0.656060421
0.638746057,0.632460566,0.596643573,0.627769063,0.610789673,0.633427146,0.548153943,0.622834568,0.637446754,0.58236719,0.625431111,0.598763326,0.572814641,0.652057908,0.472340436,0.55903268,0.621140741,0.652907756,0.656282004
0.638982625,0.632694717,0.596916939,0.628008453,0.611036057,0.633662963,0.548456917,0.623058736,0.637681046,0.582645153,0.625674292,0.599028758,0.573095534,0.65226378,0.472689651,0.559325664,0.621385185,0.6531061,0.656505174
0.639221278,0.632930283,0.597191213,0.628249455,0.611283152,0.633899782,0.548761728,0.623285131,0.637916267,0.58292411,0.625918446,0.599295861,0.573376761,0.652470806,0.473042048,0.559620861,0.621630864,0.653305011,0.65672963
0.639461656,0.633165904,0.597467865,0.62849252,0.611532353,0.634138235,0.549068192,0.623512854,0.638152614,0.58320512,0.626163399,0.599564851,0.573660349,0.652679521,0.473396296,0.559917502,0.621880065,0.65350512,0.656955991
0.639703704,0.633407407,0.597746405,0.628736383,0.611784096,0.634378649,0.549376688,0.623740414,0.63839085,0.583487146,0.626409804,0.599835948,0.573948584,0.652888671,0.473752288,0.560216122,0.62212963,0.6537061,0.657184096
,,,0.628984096,,,,0.623971024,,,,0.600109586,,,,0.560519172,,,
